661772;72ПЛ;0
494903;80А;0
661858;55А;0
405692;79.2А;0
2145903;64ЧМ;0
2145904;64ЧМ;0
2145906;64ЧМ;0
2145908;64ЧМ;0
2145909;64ЧМ;0
2146162;64АМ;0
2146165;64ЧМ;0
2146167;64ЧМ;0
2146169;64ЧМ;0
2146171;64ЧМ;0
2146173;64ЧМ;0
2146175;64ЧМ;0
2146177;64ЧМ;0
2146179;64ЧМ;0
2146181;64ЧМ;0
2146183;64ЧМ;0
2146185;66ЧМ;0
2146186;72ЧМБ;0
2146187;72ЧМЖ;0
2146188;72ЧМ;0
2146200;72ЧМБ;0
2146201;72ЧМЖ;0
2146203;72АМ;0
405331;72АМ;0
408751;64ПЛ;0
408753;64АМ;0
408754;64Б;0
408755;64ЧМ;0
661770;72АБ;0
661771;72Б;0
661773;72ЧМ;0
665886;64Н;0
665887;64АБ;0
665916;72Н;0
405334;72АМ;0
408769;64ПЛ;0
408770;64АМ;0
408771;64Б;0
408772;64ЧМ;0
661748;72ПЛ;0
661749;72ЧМ;0
665893;64Н;0
665894;64АБ;0
665917;72Н;0
665918;72Б;0
665919;72АБ;0
405670;78АМ;0
408858;68ПЛ;0
408859;68АМ;0
408860;68Б;0
408861;68ЧМ;0
661792;78АБ;0
661793;78Б;0
661794;78ЧМ;0
665946;68Н;0
665958;78Н;0
408880;68ПЛ;0
408882;68АМ;0
408883;68Б;0
408884;68ЧМ;0
665951;68Н;0
758611;84Н;0
405625;44ПЛ;0
405651;406АМ;0
661516;44Н;0
661666;84АМ;0
661667;604ПЛ;0
2155916;404ПЛ;0
2155917;404АМ;0
663958;68Н;0
408845;68ПЛ;0
408846;68АМ;0
408847;68Б;0
408848;68ЧМ;0
661897;64НС;0
665694;80АМ;0
665967;80Н;0
661738;68АМ;0
490001;80ПЛ;0
661739;412АМ;0
661740;68Н;0
941604;80ЧМБ;0
941602;80ЧМК;0
2039764;402Н;0
661741;68ПЛ;0
661742;68ЧМ;0
661805;80АБ;0
661806;80Б;0
661807;80ЧМ;0
665732;412А;0
661903;80Н;0
408969;60ПЛ;0
408970;60АМ;0
408971;410Н;0
408972;60ЧМ;0
665989;58Н;0
665990;60АБ;0
2131831;410ПЛ;0
661722;60АМ;0
661724;60Н;0
661723;60Б;0
661725;60ПЛ;0
2031780;58АМ;0
661720;60АБ;0
661726;60ЧМ;0
408756;64ПЛ;0
408757;64АМ;0
408758;64Б;0
408759;64ЧМ;0
665888;64Н;0
665889;64АБ;0
405626;44ПЛ;0
405652;SUP606А;0
661517;44Н;0
661668;95ПЛ;0
661669;407АМ;0
405675;80АМ;0
408857;68ЧМ;0
408853;68ПЛ;0
408854;68АМ;0
408856;68Б;0
661815;80АБ;0
661816;80Б;0
661817;80ЧМ;0
665945;68Н;0
665962;80Н;0
766825;84Н;0
903584;84АМ;0
40150;606А;0
40301;606Н;0
2039765;404АМ;0
2041416;84ПЛ;0
405630;44ПЛ;0
405657;411ЧМ;0
661521;44Н;0
661679;99АМ;0
661680;412Н;0
2131832;606ЧМ;0
661899;64Н;0
408747;64ПЛ;0
662539;72М;0
408748;64АМ;0
665689;64АБ;0
408749;64Б;0
661767;72Б;0
408750;64ЧМ;0
661900;72Н;0
661898;64М;0
661768;72ПЛ;0
938850;72ЧМК;0
941616;64ЧБ;0
941617;72ЧМ;0
37846;72А;0
39133;64А;0
661766;72АБ;0
661769;72ЧМ;0
661857;84М;0
2155919;72А;0
408841;68АМ;0
408840;68ПЛ;0
665692;68Н;0
677297;78ПЛ;0
405669;78АМ;0
938854;78ЧМ;0
2041415;68АБ;0
665957;78Н;0
408842;68Б;0
408843;68ЧМ;0
661788;78АБ;0
661789;78Б;0
661790;78ЧМ;0
405623;407Н;0
661507;406А;0
666968;411Б;0
408947;60ПЛ;0
408948;60АМ;0
408949;60Б;0
408950;60ЧМ;0
665979;60Н;0
665981;60АБ;0
759259;88НН;0
759333;88ПЛ;0
405330;72АМ;0
408904;55АМ;0
408902;55ПЛ;0
408978;61ПЛ;0
408979;61АМ;0
408980;61Б;0
408981;61ЧМ;0
665717;55Н;0
665719;61Н;0
665720;55М;0
665994;61АБ;0
405637;411ПЛ;0
661535;51М;0
661536;51Н;0
408873;68АМ;0
665949;68Н;0
665964;80Н;0
792952;80ЧМБ;0
408872;68ПЛ;0
37844;80ЧМК;0
405677;80АМ;0
408874;68Б;0
408875;68ЧМ;0
661800;80ЧМ;0
665742;80АБ;0
665743;80Б;0
689131;xxx86АМ;0
675808;xxx86Н;0
762243;84ПЛ;0
763966;84Н;0
938855;84ЧБ;0
938858;84Т;0
943945;84ЧМ;0
941907;84АМ;0
40302;606А;0
40303;606Н;0
2065051;404ПЛ;0
405632;406А;0
405659;404А;0
661510;44Н;0
661646;56М;0
661647;56Н;0
408956;60ПЛ;0
408957;60АМ;0
408958;60Б;0
408959;60ЧМ;0
665984;60Н;0
665985;60АБ;0
405631;44ПЛ;0
405641;51ПЛ;0
661548;51М;0
661549;51Н;0
408829;49ПЛ;0
408830;49А;0
665939;49Н;0
408898;68ПЛ;0
665956;68Н;0
405679;80АМ;0
408814;49ПЛ;0
408815;49АМ;0
408899;68АМ;0
408900;68Б;0
408901;68ЧМ;0
661808;80АБ;0
661809;80Б;0
661810;80ЧМ;0
665739;49А;0
665931;49Н;0
409028;61АМ;0
408930;55АМ;0
665764;55Н;0
666015;61Н;0
832864;61ЧМ;0
941597;61ЧМК;0
408929;55ПЛ;0
409027;61ПЛ;0
409029;407АМ;0
409030;61ЧМ;0
665765;55М;0
666016;61АБ;0
2132774;55ЧМ;0
2150114;87АМ;0
2155913;87НН;0
2155918;87ПЛ;0
405629;44ПЛ;0
405655;56ПЛ;0
661520;44Н;0
661675;56М;0
661676;56Н;0
405674;80АМ;0
408850;68АМ;0
408851;68Б;0
759332;80ПЛ;0
665944;68Н;0
938846;80ЧМК;0
408849;68ПЛ;0
408852;68ЧМ;0
661811;80АБ;0
661812;80Б;0
661814;80ЧМ;0
665961;80Н;0
408795;64ПЛ;0
405618;72АМ;0
661757;72АБ;0
665929;72Н;0
408797;64АМ;0
941599;64Н;0
939664;72ЧМ;0
665907;64Н;0
408798;64Б;0
408799;64ЧМ;0
661758;72Б;0
661759;72ПЛ;0
661760;72ЧМ;0
665908;64АБ;0
675811;86АМ;0
759255;84АМ;0
792953;84ЧБ;0
820366;84Н;0
828791;84ПЛ;0
830847;80АМ;0
941621;404АМ;0
948234;404НН;0
40146;604А;0
40147;604Н;0
2041419;402А;0
405667;56ПЛ;0
661661;56М;0
661663;56Н;0
408773;64ПЛ;0
408775;64АМ;0
408776;64Б;0
408777;64ЧМ;0
665896;64Н;0
665897;64АБ;0
777720;84Н;0
405628;44ПЛ;0
405654;56ПЛ;0
661519;44Н;0
661672;56М;0
661674;56Н;0
405634;44ПЛ;0
405666;56ПЛ;0
661513;44Н;0
661659;56М;0
661660;56Н;0
408894;68ПЛ;0
408895;68АМ;0
408896;68Б;0
408897;68ЧМ;0
665955;68Н;0
675806;86Н;0
758613;84Н;0
939666;84Б;0
2065049;404АМ;0
2065050;404НН;0
405627;44ПЛ;0
405653;56ПЛ;0
661518;44Н;0
661670;56М;0
661671;56Н;0
405619;72АМ;0
408805;64ПЛ;0
408806;64АМ;0
408807;64Б;0
408808;64ЧМ;0
661761;72АБ;0
661762;72Б;0
661763;72ПЛ;0
661764;72ЧМ;0
665912;64Н;0
665913;64АБ;0
665930;72Н;0
405620;42ПЛ;0
661506;42Н;0
665953;68Н;0
408890;68АМ;0
405678;80АМ;0
408889; 68ПЛ;0
2065052;80ПЛ;0
408891;68Б;0
408893;68ЧМ;0
661801;80АБ;0
661803;80Б;0
661804;80ЧМ;0
665966;80Н;0
405332;72АМ;0
661901;72Н;0
408761;64АМ;0
408760;64ПЛ;0
665890;64Н;0
792951;72ЧМК;0
895872;64ЧБ;0
941598;64Н;0
941618;72ЧМК;0
408762;64Б;0
408764;64ЧМ;0
661774;72АБ;0
661775;72Б;0
661777;72ПЛ;0
661778;72ЧМ;0
665891;64АБ;0
661902;80Н;0
665741;80Б;0
665963;80АМ;0
408862;68ПЛ;0
665947;68Н;0
903563;80ЧМК;0
408863;68АМ;0
408864;68Б;0
408865;68ЧМ;0
661818;412Н;0
665740;412АМ;0
662536;60Н;0
408963;60Б;0
408960;60ПЛ;0
408961;60АМ;0
408964;60ЧМ;0
665986;60АБ;0
818799;88НН;0
665698;66М;0
408809;66ПЛ;0
665914;66Н;0
408810;66АМ;0
408812;66Б;0
408813;66ЧМ;0
665915;66АБ;0
661650;56М;0
661652;56Н;0
675809;86АМ;0
675810;86Н;0
405662;56ПЛ;0
661782;78ПЛ;0
408877;68АМ;0
405671;78АМ;0
408876;68ПЛ;0
408878;68Б;0
408879;68ЧМ;0
661779;78АБ;0
661781;78Б;0
661783;78ЧМ;0
665950;68Н;0
665959;78Н;0
408801;64ПЛ;0
408802;64АМ;0
408803;64Б;0
408804;64ЧМ;0
665909;64Н;0
665911;64АБ;0
661551;51Н;0
405642;51ПЛ;0
661550;51М;0
405633;44ПЛ;0
405665;56ПЛ;0
661512;44Н;0
661657;56М;0
661658;56Н;0
405336;72АМ;0
665923;72Н;0
665903;64АБ;0
408788;64АМ;0
941600;72Б;0
408787;64ПЛ;0
661752;72ПЛ;0
34345;72АМ;0
408789;64Б;0
408790;64ЧМ;0
661753;72ЧМ;0
665902;64Н;0
665924;72Б;0
665925;72АБ;0
405622;42ПЛ;0
405656;56ПЛ;0
661509;42Н;0
661677;56М;0
661678;56Н;0
665693;72Н;0
661750;72ПЛ;0
408783;64АМ;0
665922;72АБ;0
665900;64Н;0
408784;64Б;0
405335;72АМ;0
938852;72ЧМБ;0
938853;72ЧМЖ;0
941619;72ЧМК;0
408782;64ПЛ;0
939653;72ЧМК;0
408786;64ЧМ;0
661751;72ЧМ;0
665901;64АБ;0
665920;72Б;0
405663;56ПЛ;0
661653;56М;0
661654;56Н;0
675812;xxx86Н;0
759256;84Н;0
2041417;84ПЛ;0
2054085;84АМ;0
2065054;404НН;0
405636;44ПЛ;0
405668;404А;0
661515;44Н;0
661664;56М;0
661665;56Н;0
40304;606А;0
2031781;606АМ;0
40305;606Н;0
2069230;84Н;0
2131830;84ПЛ;0
405617;72АМ;0
408791;64ПЛ;0
408792;64АМ;0
408793;64Б;0
408794;64ЧМ;0
661755;72ПЛ;0
661756;72ЧМ;0
665904;64Н;0
665905;64АБ;0
665926;72Н;0
665927;72Б;0
665928;72АБ;0
405718;53ПЛ;0
661593;53М;0
661594;53Н;0
408952;60ПЛ;0
408953;60АМ;0
408954;60Б;0
408955;60ЧМ;0
665982;60Н;0
665983;60АБ;0
408974;60ПЛ;0
408975;60АМ;0
408976;60Б;0
408977;60ЧМ;0
665992;60Н;0
665993;60АБ;0
408766;64АМ;0
408765;64ПЛ;0
408767;64Б;0
408768;64ЧМ;0
665690;64Н;0
665892;64АБ;0
408778;64ПЛ;0
408779;64АМ;0
408780;64Б;0
408781;64ЧМ;0
665898;64Н;0
665899;64АБ;0
948233;406ПЛ;0
405621;42ПЛ;0
405664;56ПЛ;0
661508;42Н;0
661655;56М;0
661656;56Н;0
661786;78ПЛ;0
665952;68Н;0
408886;68АМ;0
405673;78АМ;0
408885;68ПЛ;0
943948;406НН;0
665960;78Н;0
408887;68Б;0
408888;68ЧМ;0
661784;78АБ;0
661785;78Б;0
661787;78ЧМ;0
675807;xxx86Н;0
759254;84Н;0
2054084;84ПЛ;0
943947;404НН;0
941906;84ЧБ;0
941904;84АМ;0
405658;56ПЛ;0
661523;44АМ;0
661524;44Н;0
661681;56М;0
661682;56Н;0
405676;80АМ;0
665695;80Н;0
408868;68АМ;0
941601;80ЧМК;0
2070496;80ПЛ;0
408867;68ПЛ;0
408869;68Б;0
408871;68ЧМ;0
661819;80АБ;0
661820;80Б;0
661821;412АМ;0
665948;68Н;0
405660;56ПЛ;0
661648;56М;0
661649;56Н;0
408967;60Б;0
665987;60Н;0
408965;60ПЛ;0
408966;60АМ;0
408968;60ЧМ;0
665988;60АБ;0
666026;61Н;0
661856;83М;0
661837;81Б;0
665975;81Н;0
405689;81АМ;0
938857;85Н;0
941620;85ПЛ;0
938271;85Н;0
2046573;85ЧБ;0
2054595;85АМ;0
34346;81ПЛ;0
408834;49ПЛ;0
408835;49А;0
661836;81АБ;0
661838;81ЧМ;0
665941;49Н;0
938856;85ПЛ;0
405649;51ПЛ;0
661529;411Н;0
661530;51Н;0
405687;81АМ;0
799877;81ПЛ;0
661829;81АБ;0
661830;81Б;0
661831;81ЧМ;0
665973;81Н;0
405693;53ПЛ;0
661583;53М;0
661585;53Н;0
408933;55ПЛ;0
408934;55АМ;0
409036;61ПЛ;0
409037;61АМ;0
409038;61Б;0
409039;61ЧМ;0
665769;55Н;0
665771;55М;0
666019;61Н;0
666020;61АБ;0
405695;53ПЛ;0
661599;53М;0
661600;53Н;0
405711;53ПЛ;0
661576;53М;0
661577;53Н;0
408922;55ПЛ;0
408923;55АМ;0
665758;55Н;0
665759;55М;0
409018;61ПЛ;0
409019;61АМ;0
409020;61Б;0
409022;61ЧМ;0
666010;61Н;0
666011;61АБ;0
2054086;93Н;0
405744;57ПЛ;0
665830;57Н;0
665831;57М;0
661537;51М;0
661538;51Н;0
661539;51ПЛ;0
663960;55Н;0
662538;61Н;0
662534;55М;0
677984;61М;0
408944;55АМ;0
409055;61АМ;0
759257;87НН;0
812149;55ЧМБ;0
830810;87ПЛ;0
938848;55ЧМК;0
941609;55Н;0
941594;55ЧМЖ;0
941615;61ЧМК;0
408943;55ПЛ;0
939667;87ПЛ;0
409056;61Б;0
409057;61ЧМ;0
666028;61АБ;0
661595;53М;0
661596;53Н;0
405719;53ПЛ;0
409053;61ПЛ;0
665853;57Н;0
677298;69АМ;0
763939;69Н;0
405755;57ПЛ;0
941596;57Н;0
665854;57М;0
408816;49ПЛ;0
408817;49АМ;0
665738;49А;0
665933;49Н;0
661531;51М;0
661532;51Н;0
661534;51ПЛ;0
405645;51ПЛ;0
661558;51М;0
661559;51Н;0
948230;85ПЛ;0
405638;51ПЛ;0
661541;51М;0
661542;51Н;0
941607;51Н;0
405680;81АМ;0
665968;81Н;0
661844;81ЧМ;0
812148;81ПЛ;0
830813;85АМ;0
661842;81АБ;0
661843;81Б;0
665940;49Н;0
408831;49ПЛ;0
408832;49А;0
661630;54Н;0
405723;95АМ;0
661629;54М;0
405697;53ПЛ;0
661613;53М;0
661615;53Н;0
408927;55ПЛ;0
408928;55АМ;0
665762;55Н;0
665763;55М;0
405696;53ПЛ;0
661611;53М;0
661612;53Н;0
661643;55Н;0
661641;55АМ;0
489999;55ПЛ;0
661642;55М;0
663962;61Н;0
677793;55АБ;0
941611;55Н;0
661733;61ПЛ;0
661734;61ЧМ;0
665776;61Б;0
665777;61АБ;0
666032;61АМ;0
760144;89НН;0
759260;89АМ;0
2123951;89НН;0
405713;53ПЛ;0
661580;53М;0
661582;53Н;0
661694;59М;0
661696;59Н;0
661697;59ПЛ;0
662403;55Н;0
408917;55АМ;0
666005;61Н;0
408916;55ПЛ;0
409004;61ПЛ;0
409005;61АМ;0
409007;61Б;0
409008;61ЧМ;0
665730;55М;0
666006;61АБ;0
2157020;87НН;0
661571;53Н;0
759258;89АМ;0
818828;89ПЛ;0
405708;53ПЛ;0
661569;53М;0
405754;57ПЛ;0
665850;57Н;0
665852;57М;0
409103;69ПЛ;0
409104;69АМ;0
665735;57М;0
665811;57Н;0
665859;69Н;0
665860;69М;0
2132775;91Н;0
405740;57ПЛ;0
409111;69ПЛ;0
409112;69АМ;0
665823;57Н;0
665824;57М;0
665868;69Н;0
665869;69М;0
408818;49ПЛ;0
408819;49АМ;0
665737;49А;0
665934;49Н;0
405640;51ПЛ;0
661546;51М;0
661547;51Н;0
408983;61АМ;0
665747;55Н;0
408906;55АМ;0
675815;61М;0
763967;87АМ;0
408905;55ПЛ;0
2065053;87НН;0
408982;61ПЛ;0
408985;61Б;0
408986;61ЧМ;0
665748;55М;0
665995;61Н;0
665996;61АБ;0
661617;53Н;0
405698;53ПЛ;0
661616;53М;0
405735;57ПЛ;0
409105;69ПЛ;0
409106;69АМ;0
665812;57Н;0
665813;57М;0
665861;69Н;0
665863;69М;0
405688;81АМ;0
408820;49ПЛ;0
408821;49А;0
661832;81АБ;0
661833;81Б;0
661834;81ЧМ;0
665935;49Н;0
665974;81Н;0
405643;51ПЛ;0
661552;51М;0
661553;51Н;0
490002;81ПЛ;0
665970;81Н;0
405682;81АМ;0
941605;81Н;0
408838;49ПЛ;0
408839;49А;0
661849;81АБ;0
661851;81Б;0
661852;81ЧМ;0
665942;411Н;0
405715;53ПЛ;0
661588;53М;0
661589;53Н;0
405721;53ПЛ;0
661597;53М;0
661598;53Н;0
405699;53ПЛ;0
661618;53М;0
661619;53Н;0
661601;53М;0
661602;53Н;0
661604;53ПЛ;0
661713;59М;0
661714;59Н;0
661715;59ПЛ;0
408937;55АМ;0
663959;55М;0
665728;55Н;0
409041;61АМ;0
409040;61ПЛ;0
408935;55ПЛ;0
2041414;55Т;0
409042;61Б;0
409044;61ЧМ;0
666021;61Н;0
666022;61АБ;0
2155914;87ПЛ;0
2155915;87АМ;0
661565;53Н;0
661564;53М;0
405706;53ПЛ;0
830845;89НН;0
37845;89АМ;0
34343;53Т;0
2041418;89ПЛ;0
408907;55ПЛ;0
408908;55АМ;0
408987;61ПЛ;0
408988;61АМ;0
408989;61Б;0
408990;61ЧМ;0
665749;55Н;0
665750;55М;0
665997;61Н;0
665998;61АБ;0
408997;61АМ;0
408912;55АМ;0
665753;55Н;0
666000;61Н;0
938849;61ЧМБ;0
941613;61ЧМЖ;0
39131;55Т;0
408996;61ПЛ;0
408911;55ПЛ;0
408998;61Б;0
408999;61ЧМ;0
665754;55М;0
666001;61АБ;0
405728;59ПЛ;0
661690;59М;0
661691;59Н;0
405736;57ПЛ;0
665815;57Н;0
665816;57М;0
405757;57ПЛ;0
665855;57Н;0
665856;57М;0
405758;57ПЛ;0
665857;57Н;0
665858;57М;0
405738;57ПЛ;0
661744;69М;0
661745;69ПЛ;0
665724;69Н;0
665725;69АМ;0
665819;57Н;0
665820;57М;0
408823;49ПЛ;0
408824;49А;0
665936;49Н;0
665977;81Н;0
405690;81АМ;0
820365;81ПЛ;0
941606;81Н;0
408836;49ПЛ;0
408837;49А;0
661839;81АБ;0
661840;81Б;0
661841;81ЧМ;0
665684;49Н;0
405644;51ПЛ;0
661554;51М;0
661557;51Н;0
405684;81АМ;0
661853;81АБ;0
661854;81Б;0
661855;81ЧМ;0
665971;81Н;0
665969;81Н;0
405681;81АМ;0
408825;49ПЛ;0
408826;49А;0
661845;81АБ;0
661847;81Б;0
661848;81ЧМ;0
665937;49Н;0
675814;85Н;0
2123950;85ПЛ;0
405647;51ПЛ;0
661525;51М;0
661526;51Н;0
665697;81Н;0
2066750;81Н;0
405685;81АМ;0
665938;49Н;0
408827;49ПЛ;0
408828;49А;0
661822;81АБ;0
661823;81Б;0
661825;81ЧМ;0
405648;51ПЛ;0
661527;51М;0
661528;51Н;0
405686;81АМ;0
661826;81АБ;0
661827;81Б;0
661828;81ЧМ;0
665972;81Н;0
405639;51ПЛ;0
661543;51М;0
661545;51Н;0
405700;53ПЛ;0
405730;59ПЛ;0
409087;71ПЛ;0
409088;71АМ;0
661620;53М;0
661621;53Н;0
661703;59М;0
661704;59Н;0
665800;71Н;0
665801;71М;0
661563;53Н;0
405704;53ПЛ;0
661562;53М;0
408938;55ПЛ;0
408939;55АМ;0
409045;61ПЛ;0
409046;61АМ;0
409047;61Б;0
409048;61ЧМ;0
665772;55Н;0
665773;55М;0
666023;61Н;0
666025;61АБ;0
408915;55АМ;0
408913;55ПЛ;0
662402;55Н;0
903562;55ЧМБ;0
39130;55ЧМК;0
39132;55ЧМЖ;0
409000;61ПЛ;0
409001;61АМ;0
409002;61Б;0
409003;61ЧМ;0
665731;55М;0
666003;61Н;0
666004;87АМ;0
661568;53Н;0
405707;53ПЛ;0
2066751;89АМ;0
2066752;89НН;0
661567;53М;0
408921;55АМ;0
665727;55Н;0
408920;55ПЛ;0
40148;605А;0
40149;605Н;0
409014;61ПЛ;0
409015;61АМ;0
409016;61Б;0
409017;61ЧМ;0
665686;55М;0
666008;61Н;0
666009;61АБ;0
661575;53Н;0
661693;59Н;0
409084;71АМ;0
661574;53М;0
665796;71Н;0
941608;53Т;0
405710;53ПЛ;0
409083;71ПЛ;0
405729;59ПЛ;0
661692;89АМ;0
665797;71М;0
408931;55ПЛ;0
665767;55Н;0
408932;55АМ;0
409031;61ПЛ;0
409033;61АМ;0
409034;61Б;0
409035;61ЧМ;0
665768;55М;0
666017;61Н;0
666018;61АБ;0
405733;59ПЛ;0
661708;59М;0
661709;59Н;0
661623;53Н;0
766888;89НН;0
661719;59Н;0
938847;89АМ;0
941908;53ЧМ;0
830812;89ПЛ;0
405701;53ПЛ;0
405726;59ПЛ;0
409075;71ПЛ;0
409077;71АМ;0
661622;53М;0
661718;59М;0
665789;71Н;0
665790;71М;0
408910;55АМ;0
662537;61М;0
408994;61ЧМ;0
665751;55Н;0
408992;61АМ;0
665729;61Н;0
941593;55ЧМБ;0
939652;61ЧМЖ;0
939650;61ЧМК;0
408909;55ПЛ;0
2039452;55Т;0
408991;61ПЛ;0
408993;61Б;0
665752;55М;0
665999;407Н;0
665687;55Н;0
666029;61Н;0
408946;55АМ;0
409060;61Б;0
763968;87НН;0
830844;87АМ;0
902455;87ПЛ;0
408945;55ПЛ;0
409058;61ПЛ;0
409059;61АМ;0
409061;61ЧМ;0
665726;55М;0
666030;61АБ;0
408942;55АМ;0
665774;55Н;0
408941;55ПЛ;0
409049;61ПЛ;0
409050;61АМ;0
409051;61Б;0
409052;61ЧМ;0
665775;55М;0
666027;61АБ;0
661644;55Н;0
661645;55ПЛ;0
661735;61М;0
661737;61ПЛ;0
665734;61АМ;0
763969;87АМ;0
665978;55АМ;0
828789;87ПЛ;0
902421;87НН;0
941595;55АМ;0
661736;61Н;0
2134251;87ЧМ;0
665736;55АМ;0
661635;55М;0
818829;55ЧМЖ;0
661639;55ПЛ;0
941610;55АМ;0
666031;61АМ;0
661638;55Н;0
661727;61АБ;0
661728;61Б;0
661729;61Н;0
661730;61ПЛ;0
661731;61ЧМ;0
661608;53М;0
661610;53ПЛ;0
661609;53Н;0
408918;55ПЛ;0
409009;61ПЛ;0
666007;61АБ;0
409011;61АМ;0
939651;61АМ;0
408919;55АМ;0
409012;61Б;0
409013;61ЧМ;0
665688;61Н;0
665757;55М;0
665756;55Н;0
405709;53ПЛ;0
661572;53М;0
661573;53Н;0
408924;55ПЛ;0
408926;55АМ;0
409023;61ПЛ;0
409024;61АМ;0
409025;61Б;0
409026;61ЧМ;0
665760;55Н;0
665761;55М;0
666012;61Н;0
666014;61АБ;0
2031429;99Н;0
2123778;99ПЛ;0
2123779;57Н;0
2031427;99Н;0
2034891;99ПЛ;0
2034328;93Н;0
405748;57ПЛ;0
409120;69ПЛ;0
409121;69АМ;0
665839;57Н;0
665841;57М;0
665877;69Н;0
665878;69М;0
2031428;99ПЛ;0
2034329;93Н;0
2054596;93АМ;0
665866;69Н;0
409110;69АМ;0
2031424;91Н;0
2034325;91ПЛ;0
2091745;91АМ;0
405739;57ПЛ;0
409109;69ПЛ;0
665821;57Н;0
665822;57М;0
665867;69М;0
2134252;91Т;0
661685;57Н;0
405756;57ПЛ;0
661683;57М;0
2031425;91ПЛ;0
2034326;91Н;0
665828;57Н;0
405743;57ПЛ;0
409114;69ПЛ;0
409115;69АМ;0
665829;57М;0
665870;69Н;0
665871;69М;0
409125;69ПЛ;0
409126;69АМ;0
665881;69Н;0
665882;69М;0
409108;69АМ;0
665817;57Н;0
2034327;91Н;0
2034890;95Н;0
2031426;95ПЛ;0
405737;57ПЛ;0
409107;69ПЛ;0
665818;57М;0
665864;69Н;0
665865;69М;0
2157021;95АМ;0
405747;57ПЛ;0
409118;69ПЛ;0
409119;69АМ;0
665837;57Н;0
665838;57М;0
665875;69Н;0
665876;69М;0
665848;57Н;0
405752;57ПЛ;0
665849;57М;0
405741;57ПЛ;0
665826;57Н;0
665827;57М;0
665872;69Н;0
405746;57ПЛ;0
409116;69ПЛ;0
409117;69АМ;0
665834;57Н;0
665835;57М;0
665874;69М;0
405751;57ПЛ;0
409127;69ПЛ;0
409128;69АМ;0
665846;57Н;0
665847;57М;0
665883;69Н;0
665885;69М;0
661626;53Н;0
405702;53ПЛ;0
661624;53М;0
661631;55АМ;0
661632;55М;0
661633;55Н;0
661634;55ПЛ;0
405714;53ПЛ;0
661586;53М;0
661587;53Н;0
405734;57ПЛ;0
661686;57М;0
661687;57Н;0
405750;57ПЛ;0
409122;69ПЛ;0
409123;69АМ;0
665844;57Н;0
665845;57М;0
665879;69Н;0
665880;69М;0
409094;71ПЛ;0
409095;71АМ;0
665807;71Н;0
665808;71М;0
405722;54ПЛ;0
661627;54М;0
661628;54Н;0
405703;53ПЛ;0
661560;53М;0
661561;53Н;0
409078;71ПЛ;0
409079;71АМ;0
665791;71Н;0
665793;71М;0
405717;53ПЛ;0
661590;53М;0
661591;53Н;0
661605;53М;0
661606;53Н;0
661607;53ПЛ;0
405712;53ПЛ;0
405732;59ПЛ;0
409089;71ПЛ;0
409090;71АМ;0
661578;53М;0
661579;53Н;0
661705;59М;0
661707;59Н;0
665802;71Н;0
665804;71М;0
2033810;99ПЛ;0
2034892;99АМ;0
405745;57ПЛ;0
665832;57Н;0
665833;57М;0
405749;57ПЛ;0
665842;57Н;0
665843;57М;0
405727;59ПЛ;0
409081;71ПЛ;0
409082;71АМ;0
661688;59М;0
661689;59Н;0
665794;71Н;0
665795;71М;0
405725;59ПЛ;0
409073;71ПЛ;0
409074;71АМ;0
661716;59М;0
661717;59Н;0
665787;71Н;0
665788;71М;0
409085;71ПЛ;0
409086;71АМ;0
665798;71Н;0
665799;71М;0
409092;71ПЛ;0
409093;71АМ;0
665805;71Н;0
665806;71М;0
409096;71ПЛ;0
409097;71АМ;0
665809;71Н;0
665810;71М;0
405691;79.1ПЛ;0
661796;79.1Н;0
665746;79.2Н;0
661795;79.1Б;0
661797;79.1ЧМ;0
661798;79.2Б;0
661799;79.2ЧМ;0
665745;79.2М;0
409069;63.1ПЛ;0
409070;63.1АМ;0
665785;63.1Н;0
665786;63.1М;0
661702;59.1ПЛ;0
661701;59.1Н;0
661700;59.1М;0
661712;59Н;0
941612;59Н;0
405724;59ПЛ;0
409071;71ПЛ;0
409072;71АМ;0
661711;59М;0
665716;71М;0
665718;71Н;0
409064;70ПЛ;0
409066;70АМ;0
665780;70Н;0
665782;70М;0
409098;77ПЛ;0
409099;77АМ;0
666033;77Н;0
409100;77ПЛ;0
409101;77АМ;0
666034;77Н;0
409062;70ПЛ;0
409063;70АМ;0
665778;70Н;0
665779;70М;0
409067;70ПЛ;0
409068;70АМ;0
665783;70Н;0
665784;70М;0
665721;70АМ;0
661747;70ПЛ;0
665723;70Н;0
661746;70М;0
761819;92Н;0
904491;92ПЛ;0
2167449;58Н;0
2167490;81Н;0
2167491;84ПЛ;0
2167492;85ПЛ;0
2167493;85АМ;0
2167494;85ЧБ;0
2167495;87АМ;0
2167496;87Т;0
2167497;72ПЛ;0
2167498;80ПЛ;0
2167499;84ЧМ;0
2167500;85ЧМ;0
2167501;87АМ;0
2167502;87ПЛ;0
2167503;87АМ;0
2169551;60Н;0
2169552;60АМ;0
2169553;60Б;0
2169554;60АБ;0
2169555;60ПЛ;0
2169556;60ЧМ;0
2169557;408Н;0
2169558;408АМ;0
2169559;408Б;0
2169560;408АБ;0
2169561;408ПЛ;0
2169562;408ЧМ;0
2169563;58Н;0
2169564;58АМ;0
2169565;58Б;0
2169566;58АБ;0
2169567;58ПЛ;0
2169568;58ЧМ;0
2186332;407Н;0
2186333;85АМ;0
2186334;85ПЛ;0
2186335;95ПЛ;0
61033;58АМ;0
61034;85Н;0
61035;86Н;0
61036;89ПЛ;0
61037;411АМ;0
61039;412АМ;0
61040;85Н;0
61341;406ПЛ;0
61342;412Н;0
62599;87НН;0
62600;58ПЛ;0
63181;78Н;0
63182;84АМ;0
63183;86ПЛ;0
63184;99АМ;0
63185;411Н;0
2145905;64ЧБ;0
2145907;64ЧБ;0
2146160;64ЧБ;0
2146161;64ПЛ;0
2146163;647Н;0
2146164;647Б;0
2146166;64ЧБ;0
2146168;64ЧБ;0
2146170;64ЧБ;0
2146172;64ЧБ;0
2146174;64ЧБ;0
2146176;64ЧБ;0
2146178;64ЧБ;0
2146180;64ЧБ;0
2146182;64ЧБ;0
2146184;64ЧБ;0
2146189;72Т;0
2146202;72ПЛ;0
2146204;72Н;0
2146205;72Б;0
2146206;72ЧМ;0
2146207;72ЧМ;0
2146208;72ЧМ;0
2146209;72ЧМ;0
65117;86АМ;0
